{
  "timestamp": "2026-02-15T17:46:39.506668",
  "wallet_address": "CdJSUeHX49eFK8hixbfDKNRLTakYcy59MbVEh8pDnn9U",
  "sol_balance": 0.085100463,
  "usdc_balance": 480.97533,
  "wbtc_balance": 0.00028823,
  "bnb_balance": 0,
  "other_tokens": [],
  "sol_price_usd": 89.43,
  "btc_price_usd": 70293,
  "bnb_price_usd": 630.02,
  "sol_value_usd": 7.610534406090001,
  "wbtc_value_usd": 20.26055139,
  "bnb_value_usd": 0.0,
  "total_usd": 508.84641579608996
}