{
  "timestamp": "2026-02-15T12:18:45.154673",
  "wallet_address": "CdJSUeHX49eFK8hixbfDKNRLTakYcy59MbVEh8pDnn9U",
  "sol_balance": 0.085100463,
  "usdc_balance": 480.97533,
  "wbtc_balance": 0.00028823,
  "bnb_balance": 0,
  "other_tokens": [],
  "sol_price_usd": 88.1,
  "btc_price_usd": 69512,
  "bnb_price_usd": 630.9,
  "sol_value_usd": 7.4973507903,
  "wbtc_value_usd": 20.03544376,
  "bnb_value_usd": 0.0,
  "total_usd": 508.5081245503
}