{
  "timestamp": "2026-02-15T11:44:11.541868",
  "wallet_address": "CdJSUeHX49eFK8hixbfDKNRLTakYcy59MbVEh8pDnn9U",
  "sol_balance": 0.085100463,
  "usdc_balance": 480.97533,
  "wbtc_balance": 0.00028823,
  "bnb_balance": 0,
  "other_tokens": [],
  "sol_price_usd": 87.87,
  "btc_price_usd": 69488,
  "bnb_price_usd": 630.35,
  "sol_value_usd": 7.47777768381,
  "wbtc_value_usd": 20.02852624,
  "bnb_value_usd": 0.0,
  "total_usd": 508.48163392381
}