{
  "timestamp": "2026-02-15T12:02:13.825763",
  "wallet_address": "CdJSUeHX49eFK8hixbfDKNRLTakYcy59MbVEh8pDnn9U",
  "sol_balance": 0.085100463,
  "usdc_balance": 480.97533,
  "wbtc_balance": 0.00028823,
  "bnb_balance": 0,
  "other_tokens": [],
  "sol_price_usd": 88.06,
  "btc_price_usd": 69463,
  "bnb_price_usd": 630.42,
  "sol_value_usd": 7.49394677178,
  "wbtc_value_usd": 20.02132049,
  "bnb_value_usd": 0.0,
  "total_usd": 508.49059726177995
}